t,success,F1,F2,F3
0.0,1.36243700386784,1.72,1.36243700386784,1.32
0.001507537688442211,1.36276587683076,1.7202411603504204,1.3681314181546473,1.3209045226130653
0.003015075376884422,1.3631030873886683,1.720482046672287,1.3736834299406235,1.3218090452261306
0.004522613065326633,1.3634488277403232,1.7207223851861373,1.3790534996197858,1.3227135678391961
0.006030150753768844,1.3638032934907964,1.7209619026104666,1.384204442427642,1.3236180904522614
0.007537688442211055,1.3641666836552895,1.7212003264101385,1.3891016879568114,1.3245226130653267
0.009045226130653266,1.364539200659186,1.7214373850441218,1.3937135131098228,1.325427135678392
0.010552763819095477,1.3649210503341036,1.7216728082123194,1.3980112471085002,1.3263316582914573
0.012060301507537688,1.3653124419096974,1.7219063271012698,1.401969447435742,1.3272361809045228
0.013567839195979899,1.365713588000971,1.7221376746285015,1.4055660458460215,1.328140703517588
0.01507537688442211,1.366124704590824,1.7223665856853076,1.4087824638433224,1.3290452261306533
0.016582914572864323,1.366546011007578,1.7225927973777309,1.4116036972873502,1.3299497487437186
0.018090452261306532,1.3669777298971943,1.7228160492655338,1.4140183700485034,1.330854271356784
0.01959798994974874,1.3674200871899107,1.723036083598939,1.4160187568872586,1.3317587939698492
0.021105527638190954,1.3678733120609934,1.723252645552922,1.417600775982232,1.3326633165829147
0.022613065326633167,1.3683376368853157,1.7234654834588499,1.4187639517714024,1.33356783919598
0.024120603015075376,1.3688132971854514,1.7236743490332442,1.4195113490009414,1.3344723618090453
0.025628140703517585,1.369300531572973,1.7238789976034734,1.419849479094173,1.3353768844221106
0.027135678391959798,1.3697995816826345,1.724079188330158,1.4197881801577872,1.3362814070351758
0.02864321608040201,1.3703106920991184,1.724274684426095,1.4193404721321843,1.3371859296482413
0.03015075376884422,1.3708341102760107,1.7244652533714961,1.4185223887664316,1.3380904522613066
0.03165829145728643,1.3713700864466785,1.7246506671253485,1.4173527882547152,1.338994974874372
0.033165829145728645,1.3719188735267043,1.7248307023327036,1.4158531445093816,1.3398994974874372
0.034673366834170855,1.372480727007544,1.7250051405277067,1.4140473211649611,1.3408040201005025
0.036180904522613064,1.373055904841059,1.7251737683321826,1.411961330507303,1.341708542713568
0.03768844221105527,1.3736446673145821,1.7253363776495954,1.4096230796017406,1.3426130653266333
0.03919597989949748,1.3742472769161729,1.725492765854208,1.407062105953764,1.3435175879396986
0.0407035175879397,1.3748639981897157,1.7256427359752706,1.4043093050749227,1.3444221105527638
0.04221105527638191,1.3754950975795242,1.725786096876064,1.4013966523457175,1.3453266331658291
0.04371859296482412,1.3761408432641071,1.725922663427645,1.3983569215662763,1.3462311557788946
0.04522613065326633,1.3768015049787705,1.7260522566771275,1.395223402565092,1.34713567839196
0.04673366834170854,1.3774773538267207,1.7261747040103501,1.3920296201965527,1.3480402010050252
0.04824120603015075,1.3781686620783555,1.7262898393087838,1.3888090570001437,1.3489447236180905
0.04974874371859296,1.3788757029584315,1.726397503100532,1.385594881718872,1.3498492462311558
0.05125628140703517,1.3795987504208074,1.7264975427052904,1.3824196857826259,1.3507537688442213
0.052763819095477386,1.3803380789104835,1.7265898123731345,1.3793152297549203,1.3516582914572866
0.054271356783919596,1.3810939631126637,1.726674173417005,1.3763122016199671,1.3525628140703518
0.055778894472361805,1.3818666776885906,1.7267504943387744,1.3734399886525503,1.3534673366834171
0.05728643216080402,1.3826564969979203,1.7268186509487795,1.3707264644671076,1.3543718592964824
0.05879396984924623,1.3834636948074308,1.726878526478708,1.368197792686184,1.355276381909548
0.06030150753768844,1.3842885439858743,1.7269300116877433,1.365878248503481,1.3561809045226132
0.06180904522613065,1.3851313161848193,1.7269730049618615,1.3637900592446346,1.3570854271356785
0.06331658291457286,1.3859922815053543,1.7270074124062,1.361953264851131,1.3579899497487438
0.06482412060301507,1.3868717081505566,1.7270331479304086,1.3603855990310252,1.358894472361809
0.06633165829145729,1.3877698620636694,1.7270501333269035,1.3591023916358842,1.3597989949748746
0.0678391959798995,1.3886870065519614,1.7270582983419593,1.3581164926382383,1.3607035175879398
0.06934673366834171,1.3896234018962963,1.72705758073957,1.357438217899297,1.3616080402010051
0.07085427135678392,1.3905793049464694,1.7270479263580194,1.357075316734281,1.3625125628140704
0.07236180904522613,1.3915549687024278,1.727029289159117,1.3570329611038932,1.3634170854271357
0.07386934673366834,1.3925506418815345,1.7270016312700436,1.3573137560865884,1.364321608040201
0.07537688442211055,1.393566568472093,1.72696492301778,1.3579177711187391,1.3652261306532665
0.07688442211055276,1.3946029872734045,1.7269191429560788,1.3588425913297693,1.3661306532663318
0.07839195979899496,1.395660131422687,1.7268642778849588,1.3600833881480052,1.367035175879397
0.07989949748743719,1.3967382279092555,1.7268003228627045,1.3616330082114605,1.3679396984924623
0.0814070351758794,1.3978374970764142,1.726727281210357,1.3634820794869449,1.3688442211055276
0.0829145728643216,1.3989581521115966,1.7266451645086967,1.3656191333816958,1.3697487437185931
0.08442211055276382,1.4001003985253428,1.7265539925877151,1.3680307415248452,1.3706532663316584
0.08592964824120602,1.401264433619792,1.7264537935085895,1.370701665802155,1.3715577889447237
0.08743718592964823,1.4024504459474256,1.7263446035381766,1.3736150201470325,1.372462311557789
0.08894472361809044,1.4036586147608963,1.7262264671160445,1.3767524425243192,1.3733668341708543
0.09045226130653267,1.4048891094548317,1.7260994368140776,1.3800942754909438,1.3742713567839198
0.09195979899497488,1.4061420890006027,1.7259635732886893,1.3836197536794508,1.375175879396985
0.09346733668341708,1.4074177013751161,1.7258189452256847,1.3873071965266397,1.3760804020100503
0.0949748743718593,1.4087160829847785,1.7256656292778259,1.3911342045600128,1.3769849246231156
0.0964824120603015,1.4100373580858565,1.7255037099951547,1.3950778575592155,1.377889447236181
0.09798994974874371,1.4113816382025468,1.725333279748135,1.399114912927862,1.3787939698492462
0.09949748743718592,1.4127490215441476,1.725154438643692,1.4032220026426219,1.3796984924623117
0.10100502512562813,1.4141395924228024,1.7249672944342098,1.4073758271907042,1.380603015075377
0.10251256281407034,1.4155534206733729,1.7247719624195894,1.4115533449632878,1.3815075376884423
0.10402010050251256,1.4169905610770686,1.7245685653424387,1.4157319556403014,1.3824120603015075
0.10552763819095477,1.4184510527905378,1.7243572332764996,1.4198896761804718,1.3833165829145728
0.10703517587939698,1.4199349187821992,1.724138103508412,1.4240053081188984,1.3842211055276383
0.10854271356783919,1.4214421652776548,1.7239113204129204,1.4280585949716116,1.3851256281407036
0.1100502512562814,1.4229727812160922,1.7236770353216355,1.4320303686517164,1.386030150753769
0.11155778894472361,1.424526737719642,1.723435406385477,1.4359026839137436,1.3869346733668342
0.11306532663316582,1.426103987577706,1.7231865984309116,1.4396589399606967,1.3878391959798995
0.11457286432160804,1.427704464748316,1.722930782810128,1.443283988470905,1.388743718592965
0.11608040201005025,1.4293280838786269,1.7226681372452768,1.4467642274280832,1.3896482412060303
0.11758793969849246,1.4309747398466712,1.7223988456669213,1.4500876802668194,1.3905527638190955
0.11909547738693467,1.432644307326527,1.7221230980468454,1.453244059975992,1.3914572864321608
0.12060301507537688,1.434336640379063,1.721841090225369,1.4562248179332387,1.392361809045226
0.12211055276381909,1.4360515720704279,1.721553023733329,1.4590231773734814,1.3932663316582916
0.1236180904522613,1.4377889141204414,1.7212591056088888,1.4616341515226257,1.394170854271357
0.12512562814070352,1.4395484565830248,1.7209595482093398,1.4640545465528507,1.3950753768844222
0.12663316582914572,1.4413299675607845,1.7206545690180701,1.4662829496374545,1.3959798994974875
0.12814070351758794,1.443133192955811,1.7203443904468705,1.468319702500057,1.3968844221105527
0.12964824120603013,1.4449578562587073,1.720029239633764,1.4701668609642546,1.3977889447236183
0.13115577889447236,1.4468036583777928,1.7197093482365373,1.4718281411147625,1.3986934673366835
0.13266331658291458,1.4486702775103482,1.7193849522221631,1.473308852778899,1.3995979899497488
0.13417085427135678,1.4505573690576739,1.7190562916523071,1.474615821127368,1.400502512562814
0.135678391959799,1.4524645655856312,1.7187236104651125,1.4757572972750317,1.4014070351758794
0.1371859296482412,1.4543914768322128,1.7183871562534592,1.4767428588352571,1.402311557788945
0.13869346733668342,1.4563376897635651,1.718047180039904,1.4775833014450719,1.4032160804020102
0.1402010050251256,1.4583027686797336,1.717703936048499,1.4782905223323686,1.4041206030150755
0.14170854271356784,1.4602862553712537,1.717357681473704,1.4788773970405849,1.4050251256281407
0.14321608040201003,1.4622876693275362,1.7170086762465966,1.4793576504604178,1.405929648241206
0.14472361809045226,1.464306507997827,1.7166571827985944,1.4797457233421814,1.4068341708542713
0.14623115577889448,1.4663422471053225,1.716303465822906,1.4800566354763425,1.4077386934673368
0.14773869346733667,1.4683943410148326,1.7159477920339234,1.480305846733697,1.408643216080402
0.1492462311557789,1.470462223154175,1.715590429924782,1.4805091171507156,1.4095477386934674
0.1507537688442211,1.4725453064892666,1.7152316495232973,1.4806823672300502,1.4104522613065327
0.15226130653266332,1.4746429840526678,1.7148717221465115,1.4808415396013654,1.411356783919598
0.1537688442211055,1.4767546295251004,1.7145109201540667,1.4810024631539394,1.4122613065326635
0.15527638190954773,1.4788795978692408,1.7141495167006298,1.4811807207102912,1.4131658291457287
0.15678391959798993,1.48101722601485,1.7137877854875943,1.4813915212599917,1.414070351758794
0.15829145728643215,1.4831668335940824,1.7134260005142883,1.481649577715335,1.4149748743718593
0.15979899497487438,1.4853277237255733,1.7130644358289064,1.4819689910863114,1.4158793969849246
0.16130653266331657,1.487499183845682,1.712703365279403,1.4823631419020225,1.41678391959799
0.1628140703517588,1.4896804865850455,1.7123430622645632,1.4828445896299516,1.4176884422110554
0.164321608040201,1.4918708906883715,1.7119837994854827,1.48342498076414,1.4185929648241207
0.1658291457286432,1.494069641975193,1.7116258486976852,1.4841149661690287,1.419497487437186
0.1673366834170854,1.4962759743390994,1.7112694804640947,1.4849241281782855,1.4204020100502512
0.16884422110552763,1.498489110782769,1.7109149639090953,1.4858609178581514,1.4213065326633167
0.17035175879396985,1.5007082644859397,1.7105625664738968,1.4869326027534404,1.422211055276382
0.17185929648241205,1.5029326399032947,1.710212553673431,1.4881452253421592,1.4231155778894473
0.17336683417085427,1.505161433889071,1.7098651888549987,1.4895035723324834,1.4240201005025126
0.17487437185929647,1.5073938368450768,1.7095207329588877,1.4910111548443443,1.4249246231155779
0.1763819095477387,1.5096290338886609,1.7091794442811783,1.4926701994278457,1.4258291457286434
0.1778894472361809,1.511866206037092,1.7088415782389519,1.4944816497828783,1.4267336683417087
0.1793969849246231,1.5141045314046997,1.708507387138117,1.4964451789592716,1.427638190954774
0.18090452261306533,1.5163431864090735,1.708177119944064,1.498559211735314,1.4285427135678392
0.18241206030150753,1.5185813469825662,1.7078510220553564,1.5008209567950264,1.4294472361809045
0.18391959798994975,1.5208181897853106,1.7075293350806615,1.5032264482517677,1.4303517587939698
0.18542713567839195,1.5230528934159637,1.7072122966191312,1.5057705959981111,1.4312562814070353
0.18693467336683417,1.5252846396163946,1.706900140044422,1.5084472442998604,1.4321608040201006
0.18844221105527637,1.5275126144665672,1.7065930942925602,1.5112492379960174,1.4330653266331659
0.1899497487437186,1.5297360095659251,1.7062913836538391,1.5141684956167842,1.4339698492462312
0.19145728643216078,1.531954023197654,1.7059952275689387,1.517196088688573,1.4348743718592964
0.192964824120603,1.534165861472287,1.7057048404294548,1.5203223264587193,1.435778894472362
0.19447236180904523,1.536370739447232,1.7054204313830166,1.5235368452433307,1.4366834170854272
0.19597989949748743,1.5385678822189228,1.7051422041431727,1.5268287015795245,1.4375879396984925
0.19748743718592965,1.540756525984441,1.7048703568042154,1.530186468348287,1.4384924623115578
0.19899497487437184,1.5429359190696095,1.704605081661112,1.5335983330262746,1.439396984924623
0.20050251256281407,1.545105322920738,1.7043465650347103,1.5370521972240232,1.4403015075376886
0.20201005025125626,1.5472640130573767,1.704094987102373,1.5405357766740888,1.4412060301507539
0.20351758793969849,1.5494112799836375,1.703850521734195,1.544036700845421,1.4421105527638192
0.20502512562814068,1.5515464300558433,1.7036133363349586,1.5475426113795456,1.4430150753768844
0.2065326633165829,1.5536687863044822,1.703383591691959,1.5510412585696072,1.4439195979899497
0.20804020100502513,1.5557776892086608,1.7031614418288525,1.55452059513466,1.4448241206030152
0.20954773869346732,1.5578724974214815,1.7029470338656467,1.5579688665784504,1.4457286432160805
0.21105527638190955,1.559952588444991,1.7027405078849687,1.561374697463843,1.4466331658291458
0.21256281407035174,1.562017359253586,1.7025419968047317,1.5647271729806282,1.447537688442211
0.21407035175879396,1.5640662268649859,1.7023516262573108,1.5680159152351756,1.4484422110552764
0.21557788944723616,1.5660986288581145,1.702169514475345,1.571231153744807,1.4493467336683419
0.21708542713567838,1.5681140238374687,1.7019957721842627,1.5743637896773266,1.4502512562814072
0.2185929648241206,1.5701118918437587,1.7018305025016323,1.5774054534363122,1.4511557788944724
0.2201005025125628,1.5720917347108423,1.7016738008434296,1.5803485552550278,1.4520603015075377
0.22160804020100502,1.5740530763691705,1.701525754837303,1.5831863285255834,1.452964824120603
0.22311557788944722,1.5759954630961794,1.701386444242922,1.5859128656547126,1.4538693467336685
0.22462311557788944,1.5779184637142496,1.7012559408794752,1.5885231463026928,1.4547738693467338
0.22613065326633164,1.579821669737045,1.7011343085603845,1.5910130579269768,1.455678391959799
0.22763819095477386,1.5817046954652205,1.701021603035302,1.5933794086164887,1.4565829145728644
0.22914572864321608,1.5835671780326455,1.7009178719394324,1.5956199322657576,1.4574874371859297
0.23065326633165828,1.5854087774044514,1.7008231547502313,1.5977332861996294,1.458391959798995
0.2321608040201005,1.5872291763283493,1.700737482751522,1.5997190414187192,1.4592964824120604
0.2336683417085427,1.589028080240787,1.700660879005058,1.60157766569263,1.4602010050251257
0.23517587939698492,1.5908052171296416,1.7005933583295592,1.6033104997818253,1.461105527638191
0.23668341708542712,1.5925603373552364,1.7005349272872434,1.6049197271195437,1.4620100502512563
0.23819095477386934,1.5942932134315653,1.700485584177859,1.6064083373319167,1.4629145728643216
0.23969849246231154,1.5960036397696853,1.7004453190402322,1.6077800840172154,1.4638190954773869
0.24120603015075376,1.5976914323853033,1.7004141136613207,1.6090394372436017,1.4647236180904524
0.24271356783919598,1.5993564285726287,1.7003919415927704,1.6101915312586998,1.4656281407035177
0.24422110552763818,1.6009984865466118,1.700378768174956,1.6112421079335273,1.466532663316583
0.2457286432160804,1.6026174850557116,1.700374550568487,1.6121974564876902,1.4674371859296482
0.2472361809045226,1.604213322967352,1.7003792377931484,1.6130643500621513,1.4683417085427135
0.24874371859296482,1.6057859188282344,1.7003927707742421,1.613849979720276,1.469246231155779
0.25025125628140704,1.607335210401668,1.700415082396285,1.614561886467199,1.4701507537688443
0.25175879396984924,1.608861154184066,1.7004460975640177,1.6152078918819008,1.4710552763819096
0.25326633165829143,1.6103637249027332,1.7004857332706658,1.6157960279557708,1.4719597989949749
0.2547738693467337,1.6118429149970348,1.7005338986733924,1.6163344667259707,1.4728643216080404
0.2562814070351759,1.6132987340850033,1.7005904951758757,1.6168314502817573,1.4737688442211057
0.2577889447236181,1.6147312084173882,1.7006554165179306,1.61729522170724,1.474673366834171
0.25929648241206027,1.616140380321101,1.7007285488721016,1.617733957505037,1.4755778894472362
0.2608040201005025,1.6175263076339546,1.7008097709471295,1.6181557020222257,1.4764824120603015
0.2623115577889447,1.6188890631325208,1.7008989540982071,1.618568304373099,1.4773869346733668
0.2638190954773869,1.6202287339548755,1.7009959624439162,1.6189793583228493,1.4782914572864323
0.26532663316582916,1.621545421019917,1.7011006529897434,1.6193961455627275,1.4791959798994976
0.26683417085427136,1.6228392384448744,1.7012128757580631,1.6198255827707955,1.4801005025125629
0.26834170854271355,1.6241103129625432,1.7013324739244655,1.6202741728134622,1.4810050251256281
0.26984924623115575,1.6253587833397036,1.7014592839603113,1.6207479604019521,1.4819095477386934
0.271356783919598,1.6265847997981016,1.7015931357813783,1.6212524924750464,1.482814070351759
0.2728643216080402,1.6277885234392802,1.7017338529024675,1.6217927835352821,1.4837185929648242
0.2743718592964824,1.6289701256744802,1.701881252597829,1.6223732861206543,1.4846231155778895
0.2758793969849246,1.6301297876607324,1.7020351460672596,1.6229978665481488,1.4855276381909548
0.27738693467336684,1.6312676997441915,1.7021953386077193,1.6236697860195075,1.48643216080402
0.27889447236180903,1.6323840609116758,1.7023616297903206,1.6243916871338921,1.4873366834170856
0.2804020100502512,1.6334790782513,1.702533813642514,1.6251655858069258,1.4882412060301509
0.2819095477386935,1.6345529664230054,1.7027116788353203,1.625992868551309,1.4891457286432161
0.2834170854271357,1.6356059471397195,1.702895008875426,1.6268742950311887,1.4900502512562814
0.28492462311557787,1.6366382486597997,1.703083582301976,1.6278100057610185,1.4909547738693467
0.28643216080402006,1.6376501052913455,1.703277172887883,1.6287995347800976,1.4918592964824122
0.2879396984924623,1.6386417569088896,1.703475549845465,1.6298418270965993,1.4927638190954775
0.2894472361809045,1.6396134484829163,1.7036784780362335,1.6309352606599719,1.4936683417085428
0.2909547738693467,1.6405654296225873,1.7038857181846327,1.6320776725883284,1.494572864321608
0.29246231155778896,1.6414979541319945,1.7040970270955413,1.6332663893480739,1.4954773869346734
0.29396984924623115,1.6424112795801995,1.7043121578753369,1.6344982605567135,1.4963819095477389
0.29547738693467335,1.6433056668852655,1.7045308601563214,1.6357696960567076,1.4972864321608041
0.29698492462311554,1.6441813799124347,1.7047528803243053,1.6370767058885112,1.4981909547738694
0.2984924623115578,1.6450386850865495,1.7049779617491436,1.6384149427746406,1.4990954773869347
0.3,1.6458778510187777,1.7052058450180108,1.639779746713842,1.5
