method,domain,trial,success,Ds_final,Ds_peak_rate,failure_mode
DSF,Fruit,0,1,1.617287601693138,1.135591072341913,
DSF,Fruit,1,0,1.546278435681304,1.0459819141886444,F1
DSF,Fruit,2,1,1.6007852171976018,1.3322263646417207,
DSF,Fruit,3,1,1.593468384394908,0.9537577337705462,
DSF,Fruit,4,1,1.651158216999425,0.8374469814902268,
DSF,Fruit,5,1,1.6652109242793334,0.4657822658301368,
DSF,Fruit,6,1,1.6650990169728834,0.9214846369939367,
DSF,Fruit,7,1,1.5472026428172483,0.9326168139914675,
DSF,Fruit,8,1,1.6516480425172129,0.8911477628889303,
DSF,Fruit,9,1,1.6112856423090696,1.108990981093729,
DSF,Fruit,10,1,1.7356847679920353,0.8808775996098678,
DSF,Fruit,11,1,1.6201024982747296,0.7220984384959972,
DSF,Fruit,12,1,1.6824539759458057,0.6366891327048887,
DSF,Fruit,13,1,1.6807863559837106,0.49510699015877857,
DSF,Fruit,14,1,1.592066162181863,1.0118958318825049,
DSF,Fruit,15,1,1.6036920082869823,0.9634850288436456,
DSF,Fruit,16,1,1.6423474618086813,0.6033645894169495,
DSF,Fruit,17,0,1.580376150343385,1.1262754837485918,F2
DSF,Fruit,18,1,1.6195740342327354,0.9872384548550824,
DSF,Fruit,19,1,1.650589410397751,1.1342820467205297,
DSF,Fruit,20,1,1.6098754529022488,0.8789960495670095,
DSF,Fruit,21,1,1.6402835333867782,1.3024001032936956,
DSF,Fruit,22,1,1.6578131585968798,0.9477265329593769,
DSF,Fruit,23,1,1.6308902873075017,1.1059292074727767,
DSF,Fruit,24,1,1.5639839087139045,1.3517245433877767,
DSF,Fruit,25,1,1.6697373362718633,0.5077206965387837,
DSF,Fruit,26,1,1.6438978834812572,1.0483231087438394,
DSF,Fruit,27,1,1.635276056341619,1.1796767780272095,
DSF,Fruit,28,1,1.6509891078771826,0.761956251388257,
DSF,Fruit,29,1,1.6093880039435688,0.8506273084710549,
DSF,Medical,0,1,1.5733478656547712,0.9202053034871936,
DSF,Medical,1,1,1.576197631627117,0.7501867284502023,
DSF,Medical,2,1,1.5982188631958687,0.8734680132613074,
DSF,Medical,3,1,1.6091249811092234,0.9675120222697485,
DSF,Medical,4,1,1.6393095073217996,1.0500685968357668,
DSF,Medical,5,1,1.6145747023729935,1.0469843159511838,
DSF,Medical,6,1,1.63887870720113,1.0010492555598005,
DSF,Medical,7,1,1.632121932321642,1.0610737933850662,
DSF,Medical,8,0,1.595937249903985,1.0374456335757112,F1
DSF,Medical,9,0,1.6638963527041786,1.3779441190506654,F2
DSF,Medical,10,1,1.5440293664925149,1.5619929638933086,
DSF,Medical,11,1,1.6815520372677695,0.6723574416384172,
DSF,Medical,12,1,1.6186962324777154,1.1655421622473154,
DSF,Medical,13,1,1.5632822362205867,1.2835342702089134,
DSF,Medical,14,1,1.5468759830238135,0.995655601846294,
DSF,Medical,15,1,1.6249133508609463,1.2573959118446114,
DSF,Medical,16,1,1.6819849583500626,0.7405431055667423,
DSF,Medical,17,1,1.5479968407119018,0.7413220983439022,
DSF,Medical,18,1,1.6501945844117603,1.050931133996313,
DSF,Medical,19,1,1.617106433049624,0.8939532873508039,
DSF,Medical,20,1,1.58553886199501,0.7023798191188713,
DSF,Medical,21,1,1.7062359349830611,1.0812343437378655,
DSF,Medical,22,1,1.6252945021732894,0.9398863532948607,
DSF,Medical,23,1,1.6056742082123385,1.0088014288625204,
DSF,Medical,24,1,1.5489793996100718,0.5076043364192047,
DSF,Medical,25,1,1.5769148663951282,1.3374608313126926,
DSF,Medical,26,1,1.6729659588807455,0.6749288532015728,
DSF,Medical,27,1,1.5309232848312726,0.9016740520839481,
DSF,Medical,28,1,1.6613653039152128,1.3861529984232053,
DSF,Medical,29,1,1.645300494785855,1.1573548488945105,
DSF,Warehouse,0,1,1.5844803587979919,1.3637887766303178,
DSF,Warehouse,1,0,1.5774686975062238,1.181738158256045,F1
DSF,Warehouse,2,1,1.6894625790260762,1.1125331201236295,
DSF,Warehouse,3,1,1.6078612753635877,1.2720875020996247,
DSF,Warehouse,4,0,1.663065226735822,0.9677212396690856,F2
DSF,Warehouse,5,1,1.6059187303522098,1.0084345721215873,
DSF,Warehouse,6,1,1.6580648549256158,1.0943942475796533,
DSF,Warehouse,7,1,1.6155768979993632,1.0092668396101974,
DSF,Warehouse,8,0,1.6528042539238992,1.2070028265575976,F1
DSF,Warehouse,9,0,1.5751229825413968,0.8652333669206009,F3
DSF,Warehouse,10,1,1.5962434129024965,0.5512134790711694,
DSF,Warehouse,11,1,1.5329322688732194,0.6459094989004843,
DSF,Warehouse,12,1,1.5933363126052302,0.9445704520745584,
DSF,Warehouse,13,1,1.6391708388693742,1.3919599901562747,
DSF,Warehouse,14,1,1.5987315433706129,1.0717405010229466,
DSF,Warehouse,15,1,1.6236200788770565,1.1093361544500364,
DSF,Warehouse,16,1,1.6277062179452497,0.9179510289125545,
DSF,Warehouse,17,1,1.6208116061620226,1.1328696309008226,
DSF,Warehouse,18,1,1.614127919310235,1.2342867006634097,
DSF,Warehouse,19,1,1.5752655947194696,1.45079600845583,
DSF,Warehouse,20,1,1.5761898030124117,0.5310592733813767,
DSF,Warehouse,21,0,1.6398781322928653,1.5160674009898814,F1
DSF,Warehouse,22,1,1.5806236370207438,0.7034378011943568,
DSF,Warehouse,23,1,1.6163928867374673,0.8885314873104277,
DSF,Warehouse,24,1,1.5022713701823336,0.9036079953318061,
DSF,Warehouse,25,1,1.6403895058864917,0.5654156301073817,
DSF,Warehouse,26,1,1.6063248212637455,1.2318409939405819,
DSF,Warehouse,27,0,1.5630804002576415,0.870207574576707,F1
DSF,Warehouse,28,1,1.6492893776071216,1.2162562758452546,
DSF,Warehouse,29,1,1.5937994512472071,1.2142430875044776,
DSF,Prosthetic,0,1,1.5040331531284938,1.012073955625077,
DSF,Prosthetic,1,1,1.6487449070205713,0.9252431993911935,
DSF,Prosthetic,2,1,1.7085449954930412,1.0414428961485873,
DSF,Prosthetic,3,1,1.6410970990978835,0.9624379691311217,
DSF,Prosthetic,4,1,1.6412167382295861,0.958401028615711,
DSF,Prosthetic,5,1,1.6561507949018752,1.5088352191288554,
DSF,Prosthetic,6,1,1.6351028704762955,0.9343518039526794,
DSF,Prosthetic,7,1,1.6105817869541206,0.838800677446798,
DSF,Prosthetic,8,1,1.6441317487952145,0.9068023895788464,
DSF,Prosthetic,9,1,1.6002091860886198,1.1414659501986453,
DSF,Prosthetic,10,1,1.6097362246759432,0.6907616901662179,
DSF,Prosthetic,11,1,1.6421963997810018,1.2787630775139434,
DSF,Prosthetic,12,1,1.6718152962724386,1.2043528586119137,
DSF,Prosthetic,13,1,1.663963486359747,0.844621046187438,
DSF,Prosthetic,14,1,1.661925499480071,1.4758451953707827,
DSF,Prosthetic,15,0,1.6072477014630822,1.015492746805414,F2
DSF,Prosthetic,16,1,1.5433013330314882,1.1957662325191603,
DSF,Prosthetic,17,1,1.6100998114841858,0.5730167796780212,
DSF,Prosthetic,18,1,1.625374877760365,0.5716236819809108,
DSF,Prosthetic,19,1,1.5722204293330455,0.6937669244337341,
DSF,Prosthetic,20,1,1.677280283855566,1.1166578131539915,
DSF,Prosthetic,21,1,1.6148916551519314,0.6274976891967627,
DSF,Prosthetic,22,1,1.581345787057428,1.2540543736907748,
DSF,Prosthetic,23,1,1.5666887507821181,1.2834813458934922,
DSF,Prosthetic,24,1,1.6674911584460057,1.0413262360109428,
DSF,Prosthetic,25,0,1.6366055304196396,1.1343904003744976,F1
DSF,Prosthetic,26,1,1.5864282748542595,1.3003981901392114,
DSF,Prosthetic,27,1,1.6174236159746147,0.859460696624468,
DSF,Prosthetic,28,1,1.6263121459049275,0.5727876230914715,
DSF,Prosthetic,29,0,1.6952432133046689,0.8073899360472232,F3
DynamicFractal,Fruit,0,1,1.4054638819030925,0.9021145935116285,
DynamicFractal,Fruit,1,1,1.4761728353202799,1.1686768281923678,
DynamicFractal,Fruit,2,1,1.6039792757318498,0.5904611534593222,
DynamicFractal,Fruit,3,1,1.5290029539562047,1.2384042949053744,
DynamicFractal,Fruit,4,1,1.4435672696714672,0.9239689743696907,
DynamicFractal,Fruit,5,1,1.4833439643168747,1.4676987024066341,
DynamicFractal,Fruit,6,0,1.4894451858858897,0.6788952883997945,F2
DynamicFractal,Fruit,7,0,1.4365389855296649,1.027649439675049,F2
DynamicFractal,Fruit,8,0,1.4121456318683314,1.262310007592444,F1
DynamicFractal,Fruit,9,1,1.4334609342588476,1.0681422197261636,
DynamicFractal,Fruit,10,1,1.4274739357036703,1.484479280561618,
DynamicFractal,Fruit,11,1,1.4758047685615907,0.8857804070547023,
DynamicFractal,Fruit,12,1,1.4857916291735147,0.8184200010300783,
DynamicFractal,Fruit,13,1,1.508134090623569,0.8722182209566149,
DynamicFractal,Fruit,14,1,1.589850856762469,0.7623922821780352,
DynamicFractal,Fruit,15,1,1.4380124256070588,1.4462991642096843,
DynamicFractal,Fruit,16,1,1.4424524875932316,1.204440057149061,
DynamicFractal,Fruit,17,1,1.3226631489456075,0.8271912524998271,
DynamicFractal,Fruit,18,1,1.460447818791435,0.8790086803139573,
DynamicFractal,Fruit,19,0,1.4281035051791797,1.3004909922311532,F2
DynamicFractal,Fruit,20,1,1.4628939681614694,0.7124432069779576,
DynamicFractal,Fruit,21,1,1.3523029409094092,1.1573846566424555,
DynamicFractal,Fruit,22,1,1.6050322093463718,0.7273884170653744,
DynamicFractal,Fruit,23,1,1.4697657452920176,0.9460515739689169,
DynamicFractal,Fruit,24,1,1.4434432986613743,1.0192763079291272,
DynamicFractal,Fruit,25,1,1.6051253195675819,0.4979057171303204,
DynamicFractal,Fruit,26,1,1.508922669187439,0.7433063333293219,
DynamicFractal,Fruit,27,0,1.5301478511921889,0.6816851663162018,F3
DynamicFractal,Fruit,28,0,1.4366930847047632,0.6687593725904826,F3
DynamicFractal,Fruit,29,0,1.4134024620001338,1.4741406096025826,F1
DynamicFractal,Medical,0,1,1.650532853145309,1.190455206597093,
DynamicFractal,Medical,1,1,1.478701818330957,0.9708612962666078,
DynamicFractal,Medical,2,1,1.4432583162797645,1.3402330025365354,
DynamicFractal,Medical,3,1,1.589752309714774,1.2619818094009756,
DynamicFractal,Medical,4,1,1.4708943969304438,0.9620162625286411,
DynamicFractal,Medical,5,1,1.5270383411410178,0.8296868702002438,
DynamicFractal,Medical,6,1,1.7504174898771223,1.4381738643165565,
DynamicFractal,Medical,7,1,1.5456955664143053,1.3608762032770723,
DynamicFractal,Medical,8,1,1.4737304297022127,0.7662560085966127,
DynamicFractal,Medical,9,1,1.2695902549460873,0.8942392521209505,
DynamicFractal,Medical,10,1,1.5683730544755368,0.7056939344725577,
DynamicFractal,Medical,11,0,1.5352037798062779,0.9031168994130809,F1
DynamicFractal,Medical,12,0,1.6458410787441626,0.6553893309200706,F3
DynamicFractal,Medical,13,1,1.553282235012822,1.0841130560314793,
DynamicFractal,Medical,14,1,1.558381356571015,1.1222172753699144,
DynamicFractal,Medical,15,0,1.3914657424027281,1.3348886116215217,F1
DynamicFractal,Medical,16,1,1.5296123997085787,1.0201676370963784,
DynamicFractal,Medical,17,1,1.4077767600803657,1.2310644113193858,
DynamicFractal,Medical,18,1,1.348945411063047,0.9388953423717743,
DynamicFractal,Medical,19,1,1.4082239577484221,0.7977900188153297,
DynamicFractal,Medical,20,0,1.4683588496884836,0.8559985538136883,F2
DynamicFractal,Medical,21,1,1.7515780522157929,1.3608969044214727,
DynamicFractal,Medical,22,1,1.5716282315433463,1.1191320191853096,
DynamicFractal,Medical,23,1,1.5909069723118476,1.1917774042194078,
DynamicFractal,Medical,24,1,1.6003799557544844,0.7795766105501671,
DynamicFractal,Medical,25,1,1.6154018180396874,1.0910500859441352,
DynamicFractal,Medical,26,0,1.3657031493598233,1.0630619669557035,F1
DynamicFractal,Medical,27,0,1.4965831721699057,0.8528597023129665,F2
DynamicFractal,Medical,28,1,1.6123179721209644,0.9858271675369195,
DynamicFractal,Medical,29,1,1.5219974865338683,0.8444781671935817,
DynamicFractal,Warehouse,0,1,1.3658828528951312,1.0927229133590737,
DynamicFractal,Warehouse,1,1,1.4256933613347995,0.7109145001434494,
DynamicFractal,Warehouse,2,1,1.5271281140407162,0.8281342431369245,
DynamicFractal,Warehouse,3,1,1.6362038900437441,0.7094836350771998,
DynamicFractal,Warehouse,4,1,1.6537006189377923,0.8079548942515483,
DynamicFractal,Warehouse,5,0,1.561468226026325,0.6137392477923976,F3
DynamicFractal,Warehouse,6,1,1.4112291439629983,1.0864386908411514,
DynamicFractal,Warehouse,7,1,1.486803536327451,1.118013923876225,
DynamicFractal,Warehouse,8,1,1.4084990766232373,1.2145606574894747,
DynamicFractal,Warehouse,9,1,1.3789384226523387,0.7149309059715601,
DynamicFractal,Warehouse,10,0,1.4077772452505182,1.2660967343349423,F1
DynamicFractal,Warehouse,11,1,1.5301046999977292,0.7990948010978565,
DynamicFractal,Warehouse,12,1,1.5166655797247395,0.7169177710953283,
DynamicFractal,Warehouse,13,1,1.5324343938746017,0.415950256560466,
DynamicFractal,Warehouse,14,1,1.564300346857027,0.9963741524064111,
DynamicFractal,Warehouse,15,0,1.3329178137677193,1.0847700223884098,F2
DynamicFractal,Warehouse,16,1,1.4161435899626322,1.0244726418929455,
DynamicFractal,Warehouse,17,1,1.5299244584511442,0.8184894717751647,
DynamicFractal,Warehouse,18,1,1.5432711849344358,1.0512180620446565,
DynamicFractal,Warehouse,19,1,1.4223701162887579,0.6350064002469089,
DynamicFractal,Warehouse,20,0,1.4363384207110086,0.7473929971711749,F2
DynamicFractal,Warehouse,21,1,1.214069624740211,0.7304382322643239,
DynamicFractal,Warehouse,22,0,1.5466252913065885,0.9356589178093684,F2
DynamicFractal,Warehouse,23,1,1.3904579696958035,0.6151387376584834,
DynamicFractal,Warehouse,24,1,1.5148410257762839,0.900884020736062,
DynamicFractal,Warehouse,25,1,1.5647068792214258,1.0073016241832213,
DynamicFractal,Warehouse,26,1,1.4657701243044727,1.1216611126986535,
DynamicFractal,Warehouse,27,0,1.5380138690245249,0.9425052116491482,F3
DynamicFractal,Warehouse,28,0,1.5896077276899048,1.2547119292547801,F2
DynamicFractal,Warehouse,29,0,1.4292569383563174,1.1944843502607914,F2
DynamicFractal,Prosthetic,0,1,1.6221532720804632,1.061806590583049,
DynamicFractal,Prosthetic,1,1,1.427386714390795,0.9559075791281715,
DynamicFractal,Prosthetic,2,1,1.5934682612541944,1.3998047024108722,
DynamicFractal,Prosthetic,3,1,1.6503684758046373,1.021270090729356,
DynamicFractal,Prosthetic,4,1,1.3843093292422957,1.5155692546955721,
DynamicFractal,Prosthetic,5,0,1.4504457707192726,0.8945951628758516,F2
DynamicFractal,Prosthetic,6,1,1.5426706966973418,1.554118011193803,
DynamicFractal,Prosthetic,7,0,1.4719847246697366,1.0233845731559006,F2
DynamicFractal,Prosthetic,8,1,1.3380683274494956,0.5303449363901831,
DynamicFractal,Prosthetic,9,1,1.1889966416019155,1.273040185964367,
DynamicFractal,Prosthetic,10,1,1.6104691536360032,1.0087980943770147,
DynamicFractal,Prosthetic,11,0,1.5648891690489823,1.1991632971974318,F1
DynamicFractal,Prosthetic,12,0,1.5898409766776507,0.7332550046668329,F1
DynamicFractal,Prosthetic,13,1,1.4506171170819906,0.8886428968596738,
DynamicFractal,Prosthetic,14,1,1.5815824100009783,0.8902783244477719,
DynamicFractal,Prosthetic,15,0,1.5264876993018686,0.8269274814730045,F3
DynamicFractal,Prosthetic,16,0,1.8188705789475268,0.7652117628061079,F3
DynamicFractal,Prosthetic,17,1,1.4637450085511814,1.2439744984190906,
DynamicFractal,Prosthetic,18,1,1.3941006996285226,1.027857827680106,
DynamicFractal,Prosthetic,19,1,1.4721232162917002,1.4042605951029028,
DynamicFractal,Prosthetic,20,1,1.713663291680883,0.7345987009211246,
DynamicFractal,Prosthetic,21,1,1.4227729874930464,1.04990363007663,
DynamicFractal,Prosthetic,22,1,1.6829040999098646,0.8307740128982078,
DynamicFractal,Prosthetic,23,1,1.7202835708408546,1.2486521641712387,
DynamicFractal,Prosthetic,24,1,1.6021257702298382,0.9095492834835621,
DynamicFractal,Prosthetic,25,1,1.47432340834546,1.2697883837915807,
DynamicFractal,Prosthetic,26,0,1.444637568434087,1.0726823587846606,F2
DynamicFractal,Prosthetic,27,0,1.5592864965377595,1.3316611382199133,F1
DynamicFractal,Prosthetic,28,1,1.4857027306923527,0.7459413528058138,
DynamicFractal,Prosthetic,29,1,1.3681204219892007,0.9253736945692731,
FuzzyFractal,Fruit,0,1,1.510676342867103,1.25421950334185,
FuzzyFractal,Fruit,1,1,1.4152983333420623,1.3381657023730344,
FuzzyFractal,Fruit,2,0,1.3873866608974796,0.5212957195257936,F2
FuzzyFractal,Fruit,3,1,1.5274540204637348,0.8224186458042755,
FuzzyFractal,Fruit,4,1,1.5936790351825938,1.4791818824690253,
FuzzyFractal,Fruit,5,1,1.4336333668157109,0.9688026333913994,
FuzzyFractal,Fruit,6,1,1.5585835770622736,0.5785491147166633,
FuzzyFractal,Fruit,7,1,1.485688849904126,0.6091696468766021,
FuzzyFractal,Fruit,8,0,1.5162160549357278,1.482573849105472,F1
FuzzyFractal,Fruit,9,1,1.6310679074542889,0.8987123809434497,
FuzzyFractal,Fruit,10,0,1.5614921414725127,0.9274190000591411,F1
FuzzyFractal,Fruit,11,1,1.4293095691362296,0.9271306269794001,
FuzzyFractal,Fruit,12,1,1.3487033495981935,1.1329128085117366,
FuzzyFractal,Fruit,13,0,1.388601904575576,1.0278210717372545,F1
FuzzyFractal,Fruit,14,1,1.4531145245021038,1.2916267823593464,
FuzzyFractal,Fruit,15,1,1.4134833626121945,0.9695417706633599,
FuzzyFractal,Fruit,16,1,1.3878281080584784,1.2366870064506008,
FuzzyFractal,Fruit,17,0,1.5510303012015054,1.397892578882422,F3
FuzzyFractal,Fruit,18,1,1.446932497165448,0.546318656357015,
FuzzyFractal,Fruit,19,0,1.503628478649405,1.4200321241506986,F2
FuzzyFractal,Fruit,20,0,1.6174689850138493,0.7347680191451738,F3
FuzzyFractal,Fruit,21,1,1.47693944946933,0.7507052726584496,
FuzzyFractal,Fruit,22,1,1.4024732241491438,0.5892123916400058,
FuzzyFractal,Fruit,23,1,1.6025768736131987,1.1962078969640766,
FuzzyFractal,Fruit,24,1,1.5979970599993005,1.2630270972852111,
FuzzyFractal,Fruit,25,1,1.5726026513269162,1.263022818635307,
FuzzyFractal,Fruit,26,0,1.4612760635768,1.1026276483877735,F1
FuzzyFractal,Fruit,27,1,1.6466166739314019,0.8843960914979413,
FuzzyFractal,Fruit,28,1,1.7203187285067016,0.8905124486914993,
FuzzyFractal,Fruit,29,1,1.6951544217585535,1.1700840695170989,
FuzzyFractal,Medical,0,1,1.5097563627721107,0.9226935878589554,
FuzzyFractal,Medical,1,0,1.5156585294374607,0.935307334061048,F1
FuzzyFractal,Medical,2,1,1.5163375547664757,0.6519020198863127,
FuzzyFractal,Medical,3,1,1.4106701918432334,0.6135495732009063,
FuzzyFractal,Medical,4,1,1.4801302330487762,1.0573436506029845,
FuzzyFractal,Medical,5,1,1.4841103659427335,1.0120746578668964,
FuzzyFractal,Medical,6,1,1.390761064158074,0.7417370289371972,
FuzzyFractal,Medical,7,0,1.4309381366544227,0.9209102802512995,F1
FuzzyFractal,Medical,8,1,1.5906375979727865,0.8745687623728687,
FuzzyFractal,Medical,9,1,1.6059632648863755,0.8785012988079414,
FuzzyFractal,Medical,10,1,1.6235317993733158,0.6916852900522954,
FuzzyFractal,Medical,11,1,1.5919158013150996,0.9498373274671047,
FuzzyFractal,Medical,12,1,1.4786857660327373,0.9512893627704067,
FuzzyFractal,Medical,13,0,1.450641768039678,1.0920952951479335,F1
FuzzyFractal,Medical,14,1,1.5012586989480732,0.889728431369246,
FuzzyFractal,Medical,15,0,1.514142923279651,0.7088883075823063,F1
FuzzyFractal,Medical,16,1,1.7025846140317653,1.2371783035904915,
FuzzyFractal,Medical,17,1,1.5919302121179226,0.9872268748452881,
FuzzyFractal,Medical,18,1,1.4595856153454563,1.410684142121762,
FuzzyFractal,Medical,19,1,1.4977789006859463,1.1388345064483634,
FuzzyFractal,Medical,20,1,1.392285729202089,0.35653633793977535,
FuzzyFractal,Medical,21,1,1.5211329482765577,1.1820229349586273,
FuzzyFractal,Medical,22,1,1.3894609047667523,0.8370597151317263,
FuzzyFractal,Medical,23,1,1.4510366342845262,0.6997127950018284,
FuzzyFractal,Medical,24,1,1.5281683168351492,1.1754207237807202,
FuzzyFractal,Medical,25,1,1.610925428034392,0.3252695281710438,
FuzzyFractal,Medical,26,1,1.543823138285299,1.1644506213915746,
FuzzyFractal,Medical,27,1,1.4883637160292238,1.2442406401440653,
FuzzyFractal,Medical,28,1,1.546491139262734,1.2517645880341752,
FuzzyFractal,Medical,29,0,1.557005235342619,0.817601464816434,F2
FuzzyFractal,Warehouse,0,1,1.4860318448211234,0.7322947817664653,
FuzzyFractal,Warehouse,1,1,1.539461509752563,0.7422403094183165,
FuzzyFractal,Warehouse,2,1,1.4310698364711623,0.9882433296506951,
FuzzyFractal,Warehouse,3,0,1.3913368653353366,0.9543529346735191,F3
FuzzyFractal,Warehouse,4,1,1.5512556718638302,1.2089807283438705,
FuzzyFractal,Warehouse,5,1,1.5495383104445615,1.0492908612847835,
FuzzyFractal,Warehouse,6,1,1.5158664060211189,0.9351579428622213,
FuzzyFractal,Warehouse,7,1,1.2578932150567514,1.3903467565558736,
FuzzyFractal,Warehouse,8,0,1.5323840022957476,1.461582812342247,F2
FuzzyFractal,Warehouse,9,1,1.384801112940783,0.7167288440620451,
FuzzyFractal,Warehouse,10,1,1.6011348063435797,0.866516631137289,
FuzzyFractal,Warehouse,11,1,1.556503130581868,0.942467925339846,
FuzzyFractal,Warehouse,12,1,1.4957227975684309,0.7926169697725485,
FuzzyFractal,Warehouse,13,1,1.4110918250016011,0.9879077021438897,
FuzzyFractal,Warehouse,14,1,1.5540203541885833,1.2887050036449486,
FuzzyFractal,Warehouse,15,1,1.1825914587576127,1.0383513644506588,
FuzzyFractal,Warehouse,16,1,1.4631991606212464,0.8909284358141076,
FuzzyFractal,Warehouse,17,0,1.5889421956287382,1.5972723569566336,F1
FuzzyFractal,Warehouse,18,1,1.417774203125347,1.1303591482741648,
FuzzyFractal,Warehouse,19,0,1.3866178137447511,1.3277221670349504,F2
FuzzyFractal,Warehouse,20,1,1.492379795969247,1.2661385937575722,
FuzzyFractal,Warehouse,21,0,1.2027241107368394,1.250233641535774,F3
FuzzyFractal,Warehouse,22,0,1.4842638443460376,0.679717549550257,F2
FuzzyFractal,Warehouse,23,1,1.531235816047888,0.6392466143614179,
FuzzyFractal,Warehouse,24,0,1.462707256722376,1.108249327063818,F1
FuzzyFractal,Warehouse,25,1,1.536597472484925,1.5812145801528006,
FuzzyFractal,Warehouse,26,1,1.3310723489860514,0.8739960367145753,
FuzzyFractal,Warehouse,27,0,1.499962991020191,1.4544465669737148,F2
FuzzyFractal,Warehouse,28,0,1.5451324280740757,0.9982242545479576,F1
FuzzyFractal,Warehouse,29,1,1.5470826472621553,0.8128314220367924,
FuzzyFractal,Prosthetic,0,1,1.5987167944444458,0.768688309800267,
FuzzyFractal,Prosthetic,1,1,1.2910329935085516,1.1600002997918062,
FuzzyFractal,Prosthetic,2,1,1.5406611467676004,1.3032057217094806,
FuzzyFractal,Prosthetic,3,1,1.4188937861655524,0.9943741033845253,
FuzzyFractal,Prosthetic,4,1,1.4846099372464976,0.9395794772388338,
FuzzyFractal,Prosthetic,5,0,1.6705402487012124,0.8428582082465212,F1
FuzzyFractal,Prosthetic,6,0,1.5289048348607304,1.270514906033309,F1
FuzzyFractal,Prosthetic,7,1,1.3781896696350417,1.0352780041488512,
FuzzyFractal,Prosthetic,8,1,1.428378989659627,1.1031402413287106,
FuzzyFractal,Prosthetic,9,1,1.3816467095564786,0.972913483640847,
FuzzyFractal,Prosthetic,10,0,1.4653339511539665,0.9572547435620401,F1
FuzzyFractal,Prosthetic,11,1,1.367581934118197,0.8014650079386685,
FuzzyFractal,Prosthetic,12,1,1.5530711849816867,0.7740489522324515,
FuzzyFractal,Prosthetic,13,1,1.6202775395005424,1.101136722775676,
FuzzyFractal,Prosthetic,14,1,1.4968438923622542,1.0230530241176021,
FuzzyFractal,Prosthetic,15,1,1.5713768358966282,0.935752124222089,
FuzzyFractal,Prosthetic,16,0,1.6040565397078348,0.9362441590787786,F3
FuzzyFractal,Prosthetic,17,0,1.5002423975944021,0.9852320387044684,F1
FuzzyFractal,Prosthetic,18,1,1.6320459167395243,0.8377730044073268,
FuzzyFractal,Prosthetic,19,1,1.71898999759537,1.0488266636520833,
FuzzyFractal,Prosthetic,20,1,1.4591924745089053,1.0368032456289231,
FuzzyFractal,Prosthetic,21,0,1.40683232696667,0.6876698962165977,F3
FuzzyFractal,Prosthetic,22,1,1.4724545601430121,0.7112064639078755,
FuzzyFractal,Prosthetic,23,0,1.3370827611336926,1.1961091107594846,F3
FuzzyFractal,Prosthetic,24,0,1.4675863388241293,0.8822818813301806,F1
FuzzyFractal,Prosthetic,25,0,1.5674572921436154,1.2478955161209275,F1
FuzzyFractal,Prosthetic,26,1,1.5530941232806628,1.5982116231087935,
FuzzyFractal,Prosthetic,27,0,1.548586951966503,1.5345018865898354,F2
FuzzyFractal,Prosthetic,28,0,1.5741971811178677,1.3075446501456025,F2
FuzzyFractal,Prosthetic,29,1,1.4333923526840462,1.1067951676743282,
ClassicalFractal,Fruit,0,0,1.5643706447142811,1.166203564524633,F2
ClassicalFractal,Fruit,1,1,1.431969214160571,1.30201231275178,
ClassicalFractal,Fruit,2,1,1.6014998417449091,0.6897603321349415,
ClassicalFractal,Fruit,3,1,1.618252049942449,0.6796324433198707,
ClassicalFractal,Fruit,4,1,1.6870326202485828,0.876995088597029,
ClassicalFractal,Fruit,5,0,1.6439649727142793,1.2967671928363866,F2
ClassicalFractal,Fruit,6,1,1.6420523134801943,0.7570524059505828,
ClassicalFractal,Fruit,7,0,1.681453383796625,0.8655368419577283,F1
ClassicalFractal,Fruit,8,1,1.3188413214202412,1.2587760766399276,
ClassicalFractal,Fruit,9,0,1.4264460925267,1.3836840261770929,F1
ClassicalFractal,Fruit,10,1,1.3954321291498153,0.9989121907427269,
ClassicalFractal,Fruit,11,1,1.7019735691379105,1.1504348698597053,
ClassicalFractal,Fruit,12,0,1.5718473783798985,0.4983404770086387,F3
ClassicalFractal,Fruit,13,1,1.489362660796677,0.7835246678372889,
ClassicalFractal,Fruit,14,1,1.5366683520550015,0.9447700056105407,
ClassicalFractal,Fruit,15,0,1.5584587255890385,0.9416738642129743,F3
ClassicalFractal,Fruit,16,1,1.4909198938381885,0.9688290144673047,
ClassicalFractal,Fruit,17,0,1.6265934754307563,1.3227598718575062,F1
ClassicalFractal,Fruit,18,1,1.5105065774335382,0.8691237441748302,
ClassicalFractal,Fruit,19,1,1.4535960313201444,1.2094557069158083,
ClassicalFractal,Fruit,20,0,1.5620545474873755,0.8146591203156095,F2
ClassicalFractal,Fruit,21,0,1.5070484917796843,0.8943873334649394,F2
ClassicalFractal,Fruit,22,0,1.5437093038048888,0.9731926107817289,F2
ClassicalFractal,Fruit,23,1,1.3632630839647906,1.2490164740328977,
ClassicalFractal,Fruit,24,1,1.4862634392101903,1.2242752396839633,
ClassicalFractal,Fruit,25,1,1.293055086415877,1.1584405923663763,
ClassicalFractal,Fruit,26,1,1.5091280815464974,0.6644383215847176,
ClassicalFractal,Fruit,27,1,1.4618976773204948,1.0015155511347698,
ClassicalFractal,Fruit,28,0,1.5291115226751353,1.24933478552389,F1
ClassicalFractal,Fruit,29,1,1.580644922565341,1.4055124321560102,
ClassicalFractal,Medical,0,0,1.533783301673475,1.1713045248717457,F1
ClassicalFractal,Medical,1,0,1.5381262731949663,0.9569662091403872,F1
ClassicalFractal,Medical,2,0,1.3320769756427917,0.6344095332493034,F1
ClassicalFractal,Medical,3,0,1.4333485007606332,0.9327012193970624,F1
ClassicalFractal,Medical,4,1,1.4653509700153569,0.8382050850066909,
ClassicalFractal,Medical,5,1,1.54935831945857,0.927431638337397,
ClassicalFractal,Medical,6,0,1.6448235570306566,1.4686320491592175,F1
ClassicalFractal,Medical,7,0,1.5101812934105416,0.8530540637087448,F3
ClassicalFractal,Medical,8,0,1.5268439354295258,0.3679732123990589,F2
ClassicalFractal,Medical,9,0,1.4256985282851327,1.1396826390533565,F2
ClassicalFractal,Medical,10,0,1.4026674106701802,1.5059374702381756,F2
ClassicalFractal,Medical,11,1,1.497639871259293,0.8387439122597026,
ClassicalFractal,Medical,12,1,1.7295899108460584,0.8544445043510076,
ClassicalFractal,Medical,13,1,1.5110252727954536,1.091062439554335,
ClassicalFractal,Medical,14,1,1.5145499169781302,0.9736809334358315,
ClassicalFractal,Medical,15,1,1.4461661772872527,1.2771189032413346,
ClassicalFractal,Medical,16,0,1.5490578345359662,1.3708737485213895,F3
ClassicalFractal,Medical,17,1,1.5149854929844062,1.260646782761269,
ClassicalFractal,Medical,18,0,1.482304329095699,0.9969597973889552,F2
ClassicalFractal,Medical,19,1,1.402552784430001,1.147209647752991,
ClassicalFractal,Medical,20,1,1.4827491283952576,1.4758313566848253,
ClassicalFractal,Medical,21,1,1.5073880521340115,1.0114395487172678,
ClassicalFractal,Medical,22,1,1.3127542343022065,1.473354236913021,
ClassicalFractal,Medical,23,1,1.4173802043102717,0.5623427884358336,
ClassicalFractal,Medical,24,1,1.4857515908890548,1.2577797315276797,
ClassicalFractal,Medical,25,1,1.6327383372374193,1.0067669427690795,
ClassicalFractal,Medical,26,0,1.4162594655846696,1.0337580341947,F3
ClassicalFractal,Medical,27,1,1.6503801455297096,1.2290521444425087,
ClassicalFractal,Medical,28,1,1.6865990148947632,0.7290838672426891,
ClassicalFractal,Medical,29,1,1.4426000046139589,0.7907199793747114,
ClassicalFractal,Warehouse,0,0,1.3923956201349166,0.96608982741972,F2
ClassicalFractal,Warehouse,1,1,1.441190551791671,0.7732260728917112,
ClassicalFractal,Warehouse,2,0,1.4244398252216754,0.9646912635801118,F2
ClassicalFractal,Warehouse,3,0,1.3299268250452547,1.116930693312941,F1
ClassicalFractal,Warehouse,4,0,1.540443910203826,0.8506123356498024,F3
ClassicalFractal,Warehouse,5,0,1.6006945957112308,0.8340063595799565,F1
ClassicalFractal,Warehouse,6,0,1.3630935843721226,1.0215830949161853,F2
ClassicalFractal,Warehouse,7,1,1.4830315101681983,1.3722249085321119,
ClassicalFractal,Warehouse,8,0,1.6352654355400902,0.8682344484382698,F3
ClassicalFractal,Warehouse,9,0,1.451866494649566,1.0164950361764036,F1
ClassicalFractal,Warehouse,10,0,1.7163113127214524,1.121990161055621,F2
ClassicalFractal,Warehouse,11,1,1.5008880034874201,0.957350635289913,
ClassicalFractal,Warehouse,12,1,1.547698410221404,1.2732187177849554,
ClassicalFractal,Warehouse,13,0,1.4106909313801994,0.7061704928648707,F3
ClassicalFractal,Warehouse,14,0,1.533572397266522,1.0595241711861205,F2
ClassicalFractal,Warehouse,15,0,1.5523682752897363,1.1117902695488735,F1
ClassicalFractal,Warehouse,16,1,1.463874987256936,1.260965002205879,
ClassicalFractal,Warehouse,17,1,1.3336365818942912,1.2422413423269199,
ClassicalFractal,Warehouse,18,0,1.554116081330697,0.5098729065053477,F3
ClassicalFractal,Warehouse,19,1,1.5212567512241884,1.1514528456751472,
ClassicalFractal,Warehouse,20,0,1.2909387426062058,0.8789435101080686,F2
ClassicalFractal,Warehouse,21,0,1.5176064836812504,0.6020004599879141,F2
ClassicalFractal,Warehouse,22,1,1.3673245234658509,1.081186249827196,
ClassicalFractal,Warehouse,23,1,1.5081529588672107,1.1187570989590179,
ClassicalFractal,Warehouse,24,1,1.5193681992465995,1.4022721899083481,
ClassicalFractal,Warehouse,25,1,1.559249932437882,1.109295809334316,
ClassicalFractal,Warehouse,26,1,1.4652573808106903,1.1034044658123963,
ClassicalFractal,Warehouse,27,1,1.396761329620123,1.171079240562617,
ClassicalFractal,Warehouse,28,0,1.5527731666840443,1.3593800648015792,F3
ClassicalFractal,Warehouse,29,1,1.426117605546479,0.915862086894625,
ClassicalFractal,Prosthetic,0,1,1.4066399881566523,1.1624177566226073,
ClassicalFractal,Prosthetic,1,0,1.3903927308372208,0.7184787651945148,F3
ClassicalFractal,Prosthetic,2,0,1.5014418245669676,1.015977705666654,F2
ClassicalFractal,Prosthetic,3,1,1.2936248351593997,1.0991729204077343,
ClassicalFractal,Prosthetic,4,1,1.5666047030828907,0.9750690113145283,
ClassicalFractal,Prosthetic,5,0,1.514524951903322,1.381406221388255,F2
ClassicalFractal,Prosthetic,6,0,1.680517834888267,1.1673710253762444,F1
ClassicalFractal,Prosthetic,7,1,1.6153595159898382,0.6023733779156104,
ClassicalFractal,Prosthetic,8,0,1.6465169448287225,0.9478107644940823,F2
ClassicalFractal,Prosthetic,9,0,1.3865473267476995,0.6026917423306859,F1
ClassicalFractal,Prosthetic,10,0,1.4675813051411504,0.9268236429998313,F2
ClassicalFractal,Prosthetic,11,1,1.441669844048083,0.6480623563322939,
ClassicalFractal,Prosthetic,12,0,1.5085834612650124,1.0279285254126829,F2
ClassicalFractal,Prosthetic,13,1,1.4918717566485353,1.051121384950018,
ClassicalFractal,Prosthetic,14,1,1.492137802053736,0.994003545850062,
ClassicalFractal,Prosthetic,15,0,1.5328665719608068,0.9894244768435995,F2
ClassicalFractal,Prosthetic,16,0,1.5629656849098816,1.192080140849934,F3
ClassicalFractal,Prosthetic,17,0,1.6531921092030413,0.6911338395303425,F3
ClassicalFractal,Prosthetic,18,0,1.4671561189723157,0.9488202608341594,F1
ClassicalFractal,Prosthetic,19,1,1.642636649099905,1.0538212018782476,
ClassicalFractal,Prosthetic,20,1,1.3140898650046435,1.2467541042386916,
ClassicalFractal,Prosthetic,21,0,1.5277660336645773,0.6835500111253089,F2
ClassicalFractal,Prosthetic,22,1,1.5250921213642692,1.0801817944271075,
ClassicalFractal,Prosthetic,23,1,1.4125135409881409,0.9635790990780132,
ClassicalFractal,Prosthetic,24,1,1.7325042454681432,0.9387547551306872,
ClassicalFractal,Prosthetic,25,1,1.6087419364133715,0.8902313261675203,
ClassicalFractal,Prosthetic,26,0,1.4202689251188478,0.7543948248952956,F1
ClassicalFractal,Prosthetic,27,1,1.6161445612781014,1.147530686499683,
ClassicalFractal,Prosthetic,28,0,1.5328207350835241,0.92191992165661,F3
ClassicalFractal,Prosthetic,29,1,1.6107059576872607,1.3046634280600176,
ForceThreshold,Fruit,0,0,1.6113548194913445,1.05843704816834,F1
ForceThreshold,Fruit,1,1,1.61148213849321,0.6874711426548538,
ForceThreshold,Fruit,2,1,1.618168274750414,1.02810359497647,
ForceThreshold,Fruit,3,1,1.5054871866630175,1.087887592794827,
ForceThreshold,Fruit,4,1,1.389908259440716,0.3457961236898671,
ForceThreshold,Fruit,5,1,1.4209526497964848,0.9711876787630204,
ForceThreshold,Fruit,6,1,1.4925952911664284,1.0702301287052571,
ForceThreshold,Fruit,7,1,1.5789737515195486,1.184408372470587,
ForceThreshold,Fruit,8,1,1.393063529284413,0.8485716332127031,
ForceThreshold,Fruit,9,1,1.3774811951026629,0.6706194043489506,
ForceThreshold,Fruit,10,1,1.419962495815694,1.1360232434745456,
ForceThreshold,Fruit,11,1,1.393953607090246,0.9239835555372475,
ForceThreshold,Fruit,12,1,1.3795625973062728,1.0086888746650577,
ForceThreshold,Fruit,13,0,1.4380922226446349,1.2945417297648403,F1
ForceThreshold,Fruit,14,1,1.3059491366079223,0.5898401412878551,
ForceThreshold,Fruit,15,1,1.5381647234878224,0.6689241943985087,
ForceThreshold,Fruit,16,0,1.493045740140177,1.0450072400607537,F2
ForceThreshold,Fruit,17,1,1.4459585911679111,0.8011833125873802,
ForceThreshold,Fruit,18,0,1.552671735459032,1.8079233558965515,F3
ForceThreshold,Fruit,19,0,1.5746600071750645,1.4697510963929223,F3
ForceThreshold,Fruit,20,0,1.4309930887802607,1.1499956402132987,F3
ForceThreshold,Fruit,21,1,1.4469534369024613,1.083697380006978,
ForceThreshold,Fruit,22,1,1.4959418226460526,0.8787552751437325,
ForceThreshold,Fruit,23,1,1.4783185486919104,1.1001540956292388,
ForceThreshold,Fruit,24,0,1.4405864677591178,0.6840006905482017,F2
ForceThreshold,Fruit,25,1,1.4006208800229523,0.829549177563646,
ForceThreshold,Fruit,26,0,1.4097497302049928,1.041279718638858,F2
ForceThreshold,Fruit,27,1,1.564779493094222,1.015388428525558,
ForceThreshold,Fruit,28,0,1.5525041180253327,1.0618952195188285,F1
ForceThreshold,Fruit,29,0,1.5754487828350863,1.2647393126515778,F3
ForceThreshold,Medical,0,1,1.436972275635836,1.257013998738743,
ForceThreshold,Medical,1,1,1.504449132995854,0.7994619697241017,
ForceThreshold,Medical,2,0,1.4174837692285058,0.8096444418206532,F2
ForceThreshold,Medical,3,1,1.610253660840188,0.9223448079182666,
ForceThreshold,Medical,4,1,1.4800986501719282,1.1490838048247471,
ForceThreshold,Medical,5,1,1.5333307670495429,0.5375515236515499,
ForceThreshold,Medical,6,1,1.4258153497145136,0.8655747737569232,
ForceThreshold,Medical,7,1,1.4651047251202074,1.3640507780775635,
ForceThreshold,Medical,8,1,1.3744797810251637,1.4349430363130105,
ForceThreshold,Medical,9,0,1.6504607186240046,1.1896039344681069,F1
ForceThreshold,Medical,10,1,1.5057958233599524,1.0630304615817108,
ForceThreshold,Medical,11,1,1.393773410492431,1.050013731425105,
ForceThreshold,Medical,12,1,1.5435169932255846,1.3364012708472988,
ForceThreshold,Medical,13,0,1.72386790442415,1.3322286405573553,F2
ForceThreshold,Medical,14,1,1.426882278345559,1.0401377747085194,
ForceThreshold,Medical,15,1,1.419030239554381,1.09828907853506,
ForceThreshold,Medical,16,1,1.4528039132896118,1.0975581673026402,
ForceThreshold,Medical,17,0,1.6574226208260943,0.49417894230469184,F2
ForceThreshold,Medical,18,1,1.489170451385478,0.9879719070904164,
ForceThreshold,Medical,19,0,1.4064183927805611,1.0986991335169072,F3
ForceThreshold,Medical,20,0,1.480027966846221,1.0781856833576882,F3
ForceThreshold,Medical,21,1,1.431917240501185,1.0666971308394269,
ForceThreshold,Medical,22,0,1.4974683619259848,0.90432338560768,F1
ForceThreshold,Medical,23,1,1.449462415773877,1.147904743048533,
ForceThreshold,Medical,24,1,1.5387454781112793,0.8734753383486443,
ForceThreshold,Medical,25,1,1.485242656465497,0.971415430266218,
ForceThreshold,Medical,26,1,1.5694433681573994,0.7594661472650148,
ForceThreshold,Medical,27,1,1.599997151665994,0.7543662336021656,
ForceThreshold,Medical,28,1,1.495591557292408,1.259447561186673,
ForceThreshold,Medical,29,1,1.5091802794597566,1.0413217106021662,
ForceThreshold,Warehouse,0,0,1.4894597290874676,1.4303545185844193,F1
ForceThreshold,Warehouse,1,1,1.58658400509259,0.7418321928086401,
ForceThreshold,Warehouse,2,1,1.4031491469542519,0.9181028864637577,
ForceThreshold,Warehouse,3,0,1.521361869816023,1.117326081455249,F2
ForceThreshold,Warehouse,4,1,1.4210942546695353,0.5792236294578845,
ForceThreshold,Warehouse,5,0,1.6222090781000653,1.1239584277701613,F2
ForceThreshold,Warehouse,6,0,1.5648086906605936,1.1746358171704463,F1
ForceThreshold,Warehouse,7,0,1.6308167862144145,0.39929708660456786,F1
ForceThreshold,Warehouse,8,0,1.577022053467861,1.287481739812402,F1
ForceThreshold,Warehouse,9,1,1.3746958811077032,1.2887027901141743,
ForceThreshold,Warehouse,10,1,1.4846156962904271,0.5226406112503708,
ForceThreshold,Warehouse,11,0,1.2822934659350098,0.804042824344664,F1
ForceThreshold,Warehouse,12,1,1.4643289312754117,1.2209309929142211,
ForceThreshold,Warehouse,13,1,1.4080916636143286,1.189602037792914,
ForceThreshold,Warehouse,14,0,1.7520295336504672,1.1457725851067213,F1
ForceThreshold,Warehouse,15,0,1.3765543378580087,0.9826005362642393,F1
ForceThreshold,Warehouse,16,1,1.6481781167279155,0.7162905634681882,
ForceThreshold,Warehouse,17,1,1.4160518237995467,1.2494803607176348,
ForceThreshold,Warehouse,18,1,1.5226453062271734,1.062378846571557,
ForceThreshold,Warehouse,19,1,1.256058979481297,0.6514392481670153,
ForceThreshold,Warehouse,20,1,1.6891317392527103,0.8615684684666872,
ForceThreshold,Warehouse,21,0,1.4878147423597983,1.2059887508094276,F3
ForceThreshold,Warehouse,22,0,1.368146441992584,0.6899120150530833,F2
ForceThreshold,Warehouse,23,0,1.5374726726251997,1.1229912178356458,F1
ForceThreshold,Warehouse,24,1,1.409073772901901,1.5104888776703538,
ForceThreshold,Warehouse,25,0,1.4386324318978256,1.1200946335220603,F2
ForceThreshold,Warehouse,26,1,1.5417691768979243,0.6658310383953401,
ForceThreshold,Warehouse,27,0,1.449938422691375,1.317318705882669,F3
ForceThreshold,Warehouse,28,1,1.3627424275667115,1.5233084294809607,
ForceThreshold,Warehouse,29,1,1.3178045045381053,0.9287529770404821,
ForceThreshold,Prosthetic,0,1,1.568504798691405,1.0132093365059485,
ForceThreshold,Prosthetic,1,1,1.6389302682870561,1.0387961204894847,
ForceThreshold,Prosthetic,2,1,1.5977837538685151,1.656521693931318,
ForceThreshold,Prosthetic,3,0,1.479126506573681,0.8079813529925239,F3
ForceThreshold,Prosthetic,4,0,1.6211685023362559,1.2970145851937727,F2
ForceThreshold,Prosthetic,5,0,1.4865829105887438,1.6449284957213606,F2
ForceThreshold,Prosthetic,6,1,1.6007133827468036,0.9792839161080216,
ForceThreshold,Prosthetic,7,1,1.4424095024539816,1.2057116547227709,
ForceThreshold,Prosthetic,8,1,1.359349055991079,0.9297438590144684,
ForceThreshold,Prosthetic,9,1,1.5525881447946595,0.6879647473469377,
ForceThreshold,Prosthetic,10,1,1.5459349632238826,0.9490650161886801,
ForceThreshold,Prosthetic,11,0,1.7290734195071504,1.0018988044256008,F1
ForceThreshold,Prosthetic,12,0,1.3384249895420444,1.3319634187462372,F1
ForceThreshold,Prosthetic,13,0,1.5884201286957267,1.2143832419686333,F1
ForceThreshold,Prosthetic,14,1,1.6378692631122946,0.9040037452966739,
ForceThreshold,Prosthetic,15,1,1.5566055373460894,0.3388567481353256,
ForceThreshold,Prosthetic,16,1,1.5490540384118443,0.8751117060256424,
ForceThreshold,Prosthetic,17,0,1.4519410248325215,1.0053801787597398,F1
ForceThreshold,Prosthetic,18,1,1.4742397046715567,1.1119264619302884,
ForceThreshold,Prosthetic,19,0,1.4372507119306324,1.1362725590362759,F3
ForceThreshold,Prosthetic,20,0,1.5578170436652166,0.3993548249293303,F2
ForceThreshold,Prosthetic,21,0,1.3722715999404191,1.4432739869957696,F1
ForceThreshold,Prosthetic,22,0,1.3945953562332334,0.989827956520626,F2
ForceThreshold,Prosthetic,23,1,1.4524879325901585,0.8417151445437259,
ForceThreshold,Prosthetic,24,1,1.5052096899903358,1.0199376815072885,
ForceThreshold,Prosthetic,25,1,1.442570607195682,1.026740893985099,
ForceThreshold,Prosthetic,26,0,1.3224167247458736,1.3350620270521876,F2
ForceThreshold,Prosthetic,27,1,1.4952286313271317,1.0848527147158058,
ForceThreshold,Prosthetic,28,1,1.5119635134014384,0.9589330140262149,
ForceThreshold,Prosthetic,29,1,1.5088074186144704,0.756286327859399,
GraspNet,Fruit,0,1,1.5302938791354102,0.9973068548707792,
GraspNet,Fruit,1,1,1.456116250084977,1.2033940005356367,
GraspNet,Fruit,2,0,1.487652439093163,1.4101002643415914,F3
GraspNet,Fruit,3,1,1.5341858587825676,0.9963455492824046,
GraspNet,Fruit,4,1,1.3782749258016795,0.9126186713994546,
GraspNet,Fruit,5,1,1.5794128095841433,1.2206333043502604,
GraspNet,Fruit,6,1,1.511177521397036,0.9000649194266701,
GraspNet,Fruit,7,1,1.6554373399747657,0.9982842324131396,
GraspNet,Fruit,8,1,1.5479587709169875,0.4225757517205154,
GraspNet,Fruit,9,0,1.495688021702645,1.1394415327158314,F2
GraspNet,Fruit,10,1,1.5793075815314914,1.135349723788749,
GraspNet,Fruit,11,1,1.5100015724070108,0.8967250997632269,
GraspNet,Fruit,12,1,1.5870809811139652,0.7852792713967847,
GraspNet,Fruit,13,0,1.4770279912886026,0.37553361217644354,F1
GraspNet,Fruit,14,1,1.5133506511258144,1.0795404216308915,
GraspNet,Fruit,15,1,1.5974982125888912,0.9411308681550272,
GraspNet,Fruit,16,1,1.5577019367582614,0.883776255657794,
GraspNet,Fruit,17,1,1.5644947785123766,1.0151455206749345,
GraspNet,Fruit,18,1,1.4474988208062647,0.4878184244358348,
GraspNet,Fruit,19,1,1.567464953811443,1.110099488654945,
GraspNet,Fruit,20,1,1.4342352494416546,0.6203899206554051,
GraspNet,Fruit,21,0,1.4501220590504504,1.4934661451089752,F2
GraspNet,Fruit,22,1,1.720918309094153,1.0003094800960552,
GraspNet,Fruit,23,1,1.545255478685819,0.9423012346162101,
GraspNet,Fruit,24,1,1.4608801398278979,0.9548014276959085,
GraspNet,Fruit,25,1,1.512022827262141,1.2893878030851558,
GraspNet,Fruit,26,0,1.4901408763573551,1.0864398805146445,F1
GraspNet,Fruit,27,1,1.4945447618248908,1.202208558077309,
GraspNet,Fruit,28,1,1.468129021051501,0.7722180467958237,
GraspNet,Fruit,29,1,1.4871872923092566,0.8926007466946622,
GraspNet,Medical,0,1,1.606551797150922,1.2083231335653075,
GraspNet,Medical,1,1,1.3937332006105365,0.8900113420880393,
GraspNet,Medical,2,1,1.59303640337014,1.2664738830679116,
GraspNet,Medical,3,1,1.4231011242948823,1.352235555066371,
GraspNet,Medical,4,1,1.415049895202601,1.148991237303047,
GraspNet,Medical,5,1,1.312071821985922,1.0636634195803796,
GraspNet,Medical,6,1,1.229280742549626,1.1627646766352826,
GraspNet,Medical,7,1,1.5858661720448606,0.7322885477055037,
GraspNet,Medical,8,1,1.4901329671118266,0.5721805036627796,
GraspNet,Medical,9,1,1.5140451546274498,1.3235331712716691,
GraspNet,Medical,10,0,1.424923409649237,1.563268803828636,F1
GraspNet,Medical,11,1,1.6516043162919705,0.7959065445240359,
GraspNet,Medical,12,1,1.548136702289089,0.7598638418826285,
GraspNet,Medical,13,1,1.5599708301782036,1.0561923936124007,
GraspNet,Medical,14,1,1.455878660076039,1.1486401381753728,
GraspNet,Medical,15,1,1.506349985687782,0.8641267684905125,
GraspNet,Medical,16,1,1.509791784730092,0.8234799018938964,
GraspNet,Medical,17,1,1.4125392022119536,0.779487038972799,
GraspNet,Medical,18,1,1.4288829776972516,0.8149033048036742,
GraspNet,Medical,19,1,1.467291774400122,1.5657578171176794,
GraspNet,Medical,20,1,1.5924626978720628,0.9291701244311535,
GraspNet,Medical,21,0,1.4329917497129692,0.9563301405271488,F1
GraspNet,Medical,22,1,1.426890885623714,0.3734473886562921,
GraspNet,Medical,23,1,1.515989729195622,1.0639012062933573,
GraspNet,Medical,24,1,1.607828290245402,1.0502703738593855,
GraspNet,Medical,25,1,1.1859768295470818,0.7447562070055846,
GraspNet,Medical,26,1,1.4867731904932984,1.159371006033525,
GraspNet,Medical,27,1,1.3619761935948866,1.1460533061093725,
GraspNet,Medical,28,0,1.4842830876294588,1.0889940681051875,F1
GraspNet,Medical,29,0,1.49870510486637,0.7265674972126828,F1
GraspNet,Warehouse,0,0,1.4615299440704077,0.9486636898959003,F1
GraspNet,Warehouse,1,1,1.6594911217525883,0.883982447831963,
GraspNet,Warehouse,2,1,1.4521115013794947,1.3484481079285768,
GraspNet,Warehouse,3,1,1.5138666901867925,1.1972053911458338,
GraspNet,Warehouse,4,1,1.4917329116050655,1.0548370317678737,
GraspNet,Warehouse,5,1,1.4947980786466903,1.0685109744540233,
GraspNet,Warehouse,6,0,1.5359920633844917,0.9020506432768212,F2
GraspNet,Warehouse,7,1,1.5925635375219651,0.8188893159586205,
GraspNet,Warehouse,8,1,1.4313082961075474,0.8808927038845171,
GraspNet,Warehouse,9,1,1.5266647507709559,0.7647587151535279,
GraspNet,Warehouse,10,0,1.5886815777820733,1.0307007213568273,F1
GraspNet,Warehouse,11,1,1.4147244504932168,0.9685557374846681,
GraspNet,Warehouse,12,1,1.579624552014586,0.7662004412558936,
GraspNet,Warehouse,13,1,1.6532931786242768,0.8715456036158719,
GraspNet,Warehouse,14,1,1.470076190390528,1.0082641932105905,
GraspNet,Warehouse,15,0,1.5036327524384927,0.7596155116856483,F2
GraspNet,Warehouse,16,1,1.488860464073366,0.7407720446245663,
GraspNet,Warehouse,17,0,1.3627413452442443,0.7668992402262722,F1
GraspNet,Warehouse,18,1,1.4402475323742552,1.0325439478024576,
GraspNet,Warehouse,19,1,1.44536415631778,0.5263220239945186,
GraspNet,Warehouse,20,1,1.4370183719026888,1.3349073088585515,
GraspNet,Warehouse,21,1,1.4344690897711774,1.0052049588123444,
GraspNet,Warehouse,22,1,1.4354083468478815,0.8094135655797944,
GraspNet,Warehouse,23,1,1.6100227203744666,1.3818717259238809,
GraspNet,Warehouse,24,1,1.53700450077493,0.786802503680128,
GraspNet,Warehouse,25,1,1.384823636103581,0.8859602442523851,
GraspNet,Warehouse,26,1,1.4899226691376755,1.1264113310361035,
GraspNet,Warehouse,27,1,1.533405026450218,1.356462400198129,
GraspNet,Warehouse,28,0,1.4658995238140644,0.99048538848482,F3
GraspNet,Warehouse,29,1,1.3359691532489726,0.8843516206174893,
GraspNet,Prosthetic,0,1,1.7181052647096409,0.5861823718530921,
GraspNet,Prosthetic,1,0,1.4866648950888044,0.7387628519351929,F3
GraspNet,Prosthetic,2,1,1.3725995251820953,1.4921459323992914,
GraspNet,Prosthetic,3,1,1.5260322280565584,0.9389242773781229,
GraspNet,Prosthetic,4,1,1.5250228021683916,0.6918659285965241,
GraspNet,Prosthetic,5,1,1.508563211454117,0.4918719614336865,
GraspNet,Prosthetic,6,0,1.6309261195619096,0.47775727333932294,F2
GraspNet,Prosthetic,7,1,1.4915026526283914,0.4650830234015134,
GraspNet,Prosthetic,8,1,1.3710743966918828,0.9221383884139372,
GraspNet,Prosthetic,9,1,1.47397315499034,1.3996657456494968,
GraspNet,Prosthetic,10,0,1.5760260810518025,1.6048266415523416,F3
GraspNet,Prosthetic,11,1,1.590394082810175,0.91787523130423,
GraspNet,Prosthetic,12,1,1.5573854514661933,0.8192117781801789,
GraspNet,Prosthetic,13,1,1.3362202764388347,1.2539941044053176,
GraspNet,Prosthetic,14,1,1.6486379732764187,0.6599084151291941,
GraspNet,Prosthetic,15,0,1.6000520798796585,1.0196403800442064,F1
GraspNet,Prosthetic,16,0,1.3214652295054687,0.9577722607854484,F3
GraspNet,Prosthetic,17,0,1.5140238937997035,1.604727329384275,F1
GraspNet,Prosthetic,18,1,1.4863061043262351,0.9458322947647212,
GraspNet,Prosthetic,19,1,1.7245658290761248,1.134029380149487,
GraspNet,Prosthetic,20,0,1.5209682457248939,0.6053947991202844,F3
GraspNet,Prosthetic,21,1,1.6088417852984183,0.9082464503412684,
GraspNet,Prosthetic,22,1,1.2968051686818973,1.6185648083858704,
GraspNet,Prosthetic,23,0,1.3721857742811414,1.404651185287954,F1
GraspNet,Prosthetic,24,1,1.3863917830679084,0.6442907995983791,
GraspNet,Prosthetic,25,0,1.5225346229958223,1.0911498981257748,F3
GraspNet,Prosthetic,26,1,1.5461408054518182,0.5684244531930349,
GraspNet,Prosthetic,27,1,1.6282539243230882,1.063136346022364,
GraspNet,Prosthetic,28,1,1.5422989987225637,0.6906604880155477,
GraspNet,Prosthetic,29,1,1.626175318921201,1.0083915716481298,
SoftFusionOnly,Fruit,0,1,1.4982615569373094,0.905460923184999,
SoftFusionOnly,Fruit,1,0,1.402334766980753,0.9639285708990434,F3
SoftFusionOnly,Fruit,2,1,1.4073448899804746,0.639878236851583,
SoftFusionOnly,Fruit,3,0,1.4814727350428991,1.143130109228068,F2
SoftFusionOnly,Fruit,4,1,1.4254007660757733,1.1527587274904048,
SoftFusionOnly,Fruit,5,1,1.3849315937298508,0.7359482016773912,
SoftFusionOnly,Fruit,6,1,1.4544989746643242,0.9640592026656825,
SoftFusionOnly,Fruit,7,1,1.3657584301361076,1.0615302851968285,
SoftFusionOnly,Fruit,8,0,1.4764602938664257,0.9881721609662649,F2
SoftFusionOnly,Fruit,9,1,1.4947857564128144,0.8527394850451765,
SoftFusionOnly,Fruit,10,1,1.4812927906793238,0.6848838077964033,
SoftFusionOnly,Fruit,11,1,1.391886615428928,1.3596084590544169,
SoftFusionOnly,Fruit,12,1,1.4619473869012396,1.0224509819170684,
SoftFusionOnly,Fruit,13,1,1.3688699341314565,1.107056260311331,
SoftFusionOnly,Fruit,14,1,1.4567643720255392,0.5910890499616241,
SoftFusionOnly,Fruit,15,1,1.36784812147109,1.2302089087360255,
SoftFusionOnly,Fruit,16,1,1.4039362669744908,1.155474424387055,
SoftFusionOnly,Fruit,17,0,1.4805798046426202,0.5959717628421304,F2
SoftFusionOnly,Fruit,18,1,1.4285963812163875,0.957073208952076,
SoftFusionOnly,Fruit,19,1,1.409193763902339,1.0942268173321468,
SoftFusionOnly,Fruit,20,1,1.3551207201983198,1.2902451382312308,
SoftFusionOnly,Fruit,21,1,1.4329342801437441,0.6569823830606815,
SoftFusionOnly,Fruit,22,1,1.3468994781086692,0.7310871069693314,
SoftFusionOnly,Fruit,23,0,1.4103111258795673,0.7384455755054514,F2
SoftFusionOnly,Fruit,24,1,1.4345926010355785,1.3913582773016504,
SoftFusionOnly,Fruit,25,1,1.365220096024501,0.6992706005199694,
SoftFusionOnly,Fruit,26,1,1.567265933367865,1.3332182435869186,
SoftFusionOnly,Fruit,27,1,1.432275287484736,1.2335124590802187,
SoftFusionOnly,Fruit,28,1,1.4673585536969134,0.8786932979972755,
SoftFusionOnly,Fruit,29,1,1.4622295869817974,0.8536373654283564,
SoftFusionOnly,Medical,0,1,1.382141187816453,0.985496862536324,
SoftFusionOnly,Medical,1,1,1.5822246640701074,1.006825554812811,
SoftFusionOnly,Medical,2,1,1.516200101229417,0.35176255306431337,
SoftFusionOnly,Medical,3,1,1.444918867819099,1.0161229177959497,
SoftFusionOnly,Medical,4,1,1.4489006659731494,0.9449628660684439,
SoftFusionOnly,Medical,5,1,1.346914329658064,0.6823229452768945,
SoftFusionOnly,Medical,6,1,1.5304259258535422,1.7050675178619388,
SoftFusionOnly,Medical,7,1,1.470591275554112,1.3843763948244396,
SoftFusionOnly,Medical,8,1,1.504341591961162,1.2783026730759581,
SoftFusionOnly,Medical,9,1,1.473011449358256,0.9465255932577417,
SoftFusionOnly,Medical,10,1,1.5445797067179747,1.057335429345102,
SoftFusionOnly,Medical,11,1,1.4806645551032387,0.9300682031128895,
SoftFusionOnly,Medical,12,1,1.4986809403614219,0.8898938452055292,
SoftFusionOnly,Medical,13,0,1.3260636017274032,1.0565561053954393,F3
SoftFusionOnly,Medical,14,1,1.377438150258005,0.963493464515468,
SoftFusionOnly,Medical,15,1,1.5028016355242044,1.05821903496347,
SoftFusionOnly,Medical,16,1,1.4383405346396618,0.9884171375884342,
SoftFusionOnly,Medical,17,0,1.458710426131705,1.1085493474183425,F3
SoftFusionOnly,Medical,18,1,1.5318298854678438,0.6594808833670252,
SoftFusionOnly,Medical,19,1,1.4401636306465428,1.246416012445013,
SoftFusionOnly,Medical,20,1,1.482473147603915,1.1824374309934886,
SoftFusionOnly,Medical,21,0,1.3733145802706725,1.2955293958709782,F1
SoftFusionOnly,Medical,22,1,1.5111083712728608,1.2981910931235732,
SoftFusionOnly,Medical,23,1,1.4922421013924119,0.9096046207529289,
SoftFusionOnly,Medical,24,1,1.3927532412992558,1.4026806575704605,
SoftFusionOnly,Medical,25,1,1.435508926124178,1.2824159107429396,
SoftFusionOnly,Medical,26,1,1.5152996786209685,0.6872562082765032,
SoftFusionOnly,Medical,27,1,1.4121837868475209,1.160226660404507,
SoftFusionOnly,Medical,28,1,1.3824607650255774,1.0453370250196041,
SoftFusionOnly,Medical,29,1,1.5008145977747531,1.0290344683667507,
SoftFusionOnly,Warehouse,0,0,1.4382058007347045,1.2062227959914038,F1
SoftFusionOnly,Warehouse,1,0,1.44972328242572,1.3218476621837403,F2
SoftFusionOnly,Warehouse,2,1,1.4533518419102132,0.9188565696116852,
SoftFusionOnly,Warehouse,3,1,1.396296090538233,1.5429832290677323,
SoftFusionOnly,Warehouse,4,1,1.5096963382883093,1.301559481528026,
SoftFusionOnly,Warehouse,5,1,1.3999046237958246,1.0090493037055157,
SoftFusionOnly,Warehouse,6,1,1.4682345397620613,1.38440941461536,
SoftFusionOnly,Warehouse,7,1,1.4454587476463865,0.8712104166505086,
SoftFusionOnly,Warehouse,8,1,1.4256886926035934,1.203487281695015,
SoftFusionOnly,Warehouse,9,0,1.4408250110900636,0.8073507886790839,F2
SoftFusionOnly,Warehouse,10,1,1.5128226716453455,1.197930116892282,
SoftFusionOnly,Warehouse,11,1,1.3867740791075645,1.346136478791259,
SoftFusionOnly,Warehouse,12,1,1.4925410853700047,1.3751129095394825,
SoftFusionOnly,Warehouse,13,1,1.5473121086677928,0.7246158140069006,
SoftFusionOnly,Warehouse,14,1,1.2677024322399768,1.112636554442096,
SoftFusionOnly,Warehouse,15,1,1.510970426642279,0.6651667698596746,
SoftFusionOnly,Warehouse,16,1,1.4782602012217692,0.7321594784630107,
SoftFusionOnly,Warehouse,17,0,1.4798474204216785,0.8396199966482663,F2
SoftFusionOnly,Warehouse,18,1,1.4112563123400637,0.9116342573052498,
SoftFusionOnly,Warehouse,19,1,1.4282321380091585,0.9423038617111151,
SoftFusionOnly,Warehouse,20,1,1.4962057517866512,0.9455040931196361,
SoftFusionOnly,Warehouse,21,1,1.3545427084106203,1.195728000853145,
SoftFusionOnly,Warehouse,22,1,1.3980605854516792,0.5948800629204534,
SoftFusionOnly,Warehouse,23,1,1.3741759447928175,1.2336529747750387,
SoftFusionOnly,Warehouse,24,1,1.4584089052159575,1.0334701314314125,
SoftFusionOnly,Warehouse,25,0,1.480855427302388,1.161922105237419,F3
SoftFusionOnly,Warehouse,26,1,1.3566964614047659,1.0397842210715846,
SoftFusionOnly,Warehouse,27,1,1.4350529460563206,0.771003892506428,
SoftFusionOnly,Warehouse,28,1,1.498506946374589,1.3558453329942186,
SoftFusionOnly,Warehouse,29,1,1.449068751152089,1.3293793305433945,
SoftFusionOnly,Prosthetic,0,1,1.4172321891823993,1.0390497774017604,
SoftFusionOnly,Prosthetic,1,1,1.4661769463151773,0.8158224449417577,
SoftFusionOnly,Prosthetic,2,1,1.5458399490680255,1.0003950576386151,
SoftFusionOnly,Prosthetic,3,1,1.5008717380708325,0.9158926593398976,
SoftFusionOnly,Prosthetic,4,1,1.5020330719878272,0.9847693059002942,
SoftFusionOnly,Prosthetic,5,0,1.4983497011543268,1.219960776340158,F2
SoftFusionOnly,Prosthetic,6,1,1.5031133425196295,0.8574165543651106,
SoftFusionOnly,Prosthetic,7,1,1.5394475362925533,1.0857357075367782,
SoftFusionOnly,Prosthetic,8,1,1.4869473303855887,1.1086784445993887,
SoftFusionOnly,Prosthetic,9,1,1.3728109132441102,1.1893450044192149,
SoftFusionOnly,Prosthetic,10,1,1.5594843369531823,0.9203795918071129,
SoftFusionOnly,Prosthetic,11,0,1.4249962311652509,1.0697750617104491,F2
SoftFusionOnly,Prosthetic,12,0,1.52482580335693,1.1426205259309434,F3
SoftFusionOnly,Prosthetic,13,1,1.4533805902882515,0.8438153141049775,
SoftFusionOnly,Prosthetic,14,1,1.4189363839590408,0.7895194105999014,
SoftFusionOnly,Prosthetic,15,1,1.3863786777418183,1.0328340941856602,
SoftFusionOnly,Prosthetic,16,1,1.4342166515523953,1.1242833555481424,
SoftFusionOnly,Prosthetic,17,1,1.4495504638891061,1.2610716730082085,
SoftFusionOnly,Prosthetic,18,1,1.5174955908068768,1.301927722288037,
SoftFusionOnly,Prosthetic,19,1,1.438384758154568,1.0566960176121383,
SoftFusionOnly,Prosthetic,20,1,1.3586474348293094,1.1219210388457643,
SoftFusionOnly,Prosthetic,21,1,1.4582107566817617,0.6919473966141365,
SoftFusionOnly,Prosthetic,22,1,1.3580963556747783,1.22519069099158,
SoftFusionOnly,Prosthetic,23,1,1.401432393653706,0.8281914111781293,
SoftFusionOnly,Prosthetic,24,0,1.355640780569994,1.210981811464353,F1
SoftFusionOnly,Prosthetic,25,1,1.516248907633892,1.1193209995120834,
SoftFusionOnly,Prosthetic,26,1,1.4851180220722897,0.8060835584407479,
SoftFusionOnly,Prosthetic,27,1,1.37583022244207,0.7904903093932277,
SoftFusionOnly,Prosthetic,28,1,1.3841395991755339,0.9798332105697228,
SoftFusionOnly,Prosthetic,29,1,1.4295164383654455,1.0909250805398998,
